FIPS,County,State,pm10,avg_temp,RUCC_2023,asthma_rate,ped_TOTAL_HOUSING_VULN,loc_Metro,loc_Rural-Adjacent,loc_Rural-Isolated,Final_Predicted_Rate,ML_Predicted_Asthma,Residual,Abs_Error,Test_Predicted_Rate,Test_Abs_Error,Error_Percentage
45091,York,South Carolina,13.877454823225657,61.760185185185186,1,22.92103673,0.1790511656559779,TRUE,FALSE,FALSE,40.236794063991915,38.040518035286404,-15.1194813,15.119481303286403,40.236794063991915,17.315757331991914,75.54526234765564
45089,Williamsburg,South Carolina,15.979188587137187,65.39907407407408,6,98.43715044,0.5405540835342642,FALSE,TRUE,FALSE,120.62409380237376,117.4154532785499,-18.97830284,18.97830284254991,120.62409380237376,22.186943366373768,22.539197110138673
45087,Union,South Carolina,14.191584813565939,62.30555555555556,2,90.08384727,0.400593785,TRUE,FALSE,FALSE,56.103661641349035,58.302150761352415,31.78169651164759,31.78169651164759,56.103661641349035,33.98018563165097,37.72061991166261
45085,Sumter,South Carolina,14.28462378894356,64.91388888888889,3,80.22554199,0.3409404813002756,TRUE,FALSE,FALSE,62.47859586707811,63.07868441476198,17.146857577238023,17.146857577238023,62.47859586707811,17.74694612492189,22.121316583553398
45083,Spartanburg,South Carolina,14.022670791215207,61.89259259259259,2,47.05134565,0.2651379824614273,TRUE,FALSE,FALSE,45.46803679,45.55667651814022,1.4946691348597767,1.4946691348597767,45.46803679,1.5833088583988015,3.3650660494932088
45081,Saluda,South Carolina,14.715352664497248,64.04537037037036,2,38.33983879,0.34470478049810044,TRUE,FALSE,FALSE,64.25944475,62.839526805628275,-24.49968802,24.499688017628273,64.25944475,25.91960596,67.60489032854538
45079,Richland,South Carolina,15.135470527404344,64.80555555555556,2,63.49828858,0.26622333787506863,TRUE,FALSE,FALSE,61.386722757209476,61.46620036633412,2.0320882086658756,2.0320882086658756,61.386722757209476,2.1115658177905203,3.325390124958215
45077,Pickens,South Carolina,14.584055574143747,61.513888888888886,2,41.51082839,0.2833660281488756,TRUE,FALSE,FALSE,50.465520710164796,49.57718920647054,-8.066360816,8.066360816470542,50.465520710164796,8.954692320164796,21.571943195241055
45075,Orangeburg,South Carolina,15.082214850180828,65.69351851851852,4,120.2453481,0.6899971208344645,FALSE,TRUE,FALSE,127.5531173324533,125.66198795035677,-5.41663985,5.416639850356773,127.5531173324533,7.307769232453296,6.077382075833747
45073,Oconee,South Carolina,14.92457988682296,60.97777777777778,4,37.44464704,0.23969563947953032,FALSE,TRUE,FALSE,52.04735209048643,49.679467331635394,-12.23482029,12.234820291635394,52.04735209048643,14.602705050486428,38.99811109151913
45071,Newberry,South Carolina,14.543687224921385,63.577777777777776,6,76.55645607,0.2963792394113614,FALSE,TRUE,FALSE,60.39958116747042,61.43132443221333,15.125131636786676,15.125131636786676,60.39958116747042,16.156874901529584,21.10452303
45065,McCormick,South Carolina,15.106904484886046,64.17962962962963,8,60.66656428,0.14763871549452076,FALSE,TRUE,FALSE,56.25103618853741,57.42023785,3.2463264306594013,3.2463264306594013,56.25103618853741,4.415528087,7.278355285416081
45069,Marlboro,South Carolina,13.199617186962046,64.38703703703703,6,45.63208894,0.4470106262930225,FALSE,TRUE,FALSE,69.35239013362356,66.78922846,-21.15713953,21.157139525650493,69.35239013362356,23.720301197623556,51.98162466524773
45067,Marion,South Carolina,15.09893460153968,65.12685185185185,6,129.2051206,0.47722134739148303,FALSE,TRUE,FALSE,91.91948942749922,93.67109012180745,35.53403044819254,35.53403044819254,91.91948942749922,37.285631142500776,28.85770391917276
45063,Lexington,South Carolina,14.484575225439013,64.80555555555556,2,33.7301675,0.2965780181755703,TRUE,FALSE,FALSE,60.374633980170955,58.89082116290114,-25.16065366,25.160653661901144,60.374633980170955,26.64446647917096,78.99298596243565
45061,Lee,South Carolina,13.377374458488902,64.45462962962964,8,98.3832921,0.6614463922610779,FALSE,TRUE,FALSE,99.12832883196884,99.07077820520658,-0.687486104,0.6874861042065845,99.12832883196884,0.7450367309688488,0.7572797322171292
45059,Laurens,South Carolina,14.575234666848589,62.795370370370364,2,64.95541818,0.3990900735294118,TRUE,FALSE,FALSE,62.59140953404878,62.801495790441855,2.1539223855581398,2.1539223855581398,62.59140953404878,2.364008641951216,3.6394325651877333
45057,Lancaster,South Carolina,13.371307151218423,62.471296296296295,1,28.86792094,0.17324565692577495,TRUE,FALSE,FALSE,37.70839528989352,36.48078178268937,-7.612860844,7.6128608436893686,37.70839528989352,8.840474350893516,30.623869206147802
45055,Kershaw,South Carolina,13.443454680031277,63.62777777777778,2,68.05642307,0.26652021668516296,TRUE,FALSE,FALSE,44.45163703599116,46.05865175048493,21.997771318515078,21.997771318515078,44.45163703599116,23.604786033008843,34.68414143522762
45053,Jasper,South Carolina,15.779690647631465,67.39722222222223,3,84.92001137,0.24636937916044013,TRUE,FALSE,FALSE,74.99285507362858,75.95128554505351,8.968725821946492,8.968725821946492,74.99285507362858,9.927156293371425,11.690008201328537
45051,Horry,South Carolina,15.907557859772975,64.77037037037037,2,70.45381841,0.15657333602462017,TRUE,FALSE,FALSE,56.94160670975987,57.82769650277029,12.626121906229706,12.626121906229706,56.94160670975987,13.512211699240126,19.17882097006971
45049,Hampton,South Carolina,15.537073997023354,66.22500000000001,8,161.056689,0.49419012327005973,FALSE,TRUE,FALSE,108.1370348805757,112.90837937793393,48.14830963206609,48.14830963206609,108.1370348805757,52.919654129424316,32.857780980545634
45047,Greenwood,South Carolina,14.861996374720245,63.56759259,4,67.97462608,0.28729417055024115,FALSE,TRUE,FALSE,60.02757553106216,60.26824370227257,7.706382377727422,7.706382377727422,60.02757553106216,7.947050548937831,11.691201566279851
45045,Greenville,South Carolina,14.559383202099738,61.4962963,2,48.30258436,0.22780952015096667,TRUE,FALSE,FALSE,45.152235697418384,45.41893978933654,2.883644572,2.883644572,45.152235697418384,3.1503486635816174,6.522112026215394
45043,Georgetown,South Carolina,17.975822050290134,65.17592592592592,4,96.76245262,0.22402679498065853,FALSE,TRUE,FALSE,88.56425690923041,90.52983315089578,6.232619466104211,6.232619466104211,88.56425690923041,8.198195707769585,8.472496806399946
45041,Florence,South Carolina,14.648475533314306,65.3,3,79.13945925,0.3500598328650148,TRUE,FALSE,FALSE,68.09805588744229,68.48315775,10.656301493866593,10.656301493866593,68.09805588744229,11.041403357557712,13.951830683320349
45039,Fairfield,South Carolina,14.389136441076236,63.36296296296296,2,85.94259228,0.3646325565848535,TRUE,FALSE,FALSE,58.736756065626544,59.85148327646033,26.09110900353967,26.09110900353967,58.736756065626544,27.205836214373456,31.655824536612936
45037,Edgefield,South Carolina,14.882993222363424,64.79074074074073,2,63.65398347,0.27349080849252727,TRUE,FALSE,FALSE,59.86932757904342,60.00396936374855,3.6500141062514473,3.6500141062514473,59.86932757904342,3.7846558909565786,5.945670144493439
45035,Dorchester,South Carolina,15.648648061680854,66.62314814814815,2,83.43914384,0.1647011236276958,TRUE,FALSE,FALSE,59.92725201034663,62.037859334878874,21.40128450712112,21.40128450712112,59.92725201034663,23.511891831653365,28.178491232095315
45033,Dillon,South Carolina,14.166537507717734,64.75092592592593,6,124.4433516,0.6089062702766471,FALSE,TRUE,FALSE,95.85536431241844,98.59428669,25.849064908538907,25.849064908538907,95.85536431241844,28.587987287581555,22.97269152591801
45031,Darlington,South Carolina,12.959053743536812,64.56666666666666,3,64.29873122,0.4081227583039312,TRUE,FALSE,FALSE,56.47722392874297,57.269072584208885,7.029658635791108,7.029658635791108,56.47722392874297,7.821507291257021,12.164326018340088
45029,Colleton,South Carolina,15.654308902668324,66.52407407407408,6,123.1944638,0.5238956059629798,FALSE,TRUE,FALSE,115.01787978058341,115.99188323188692,7.202580568113078,7.202580568113078,115.01787978058341,8.176584019,6.637135929006398
45027,Clarendon,South Carolina,14.984070253762578,65.34259259,8,116.569126,0.479109842,FALSE,TRUE,FALSE,96.37620956092708,98.07831127,18.490814728156494,18.490814728156494,96.37620956092708,20.192916439072917,17.32269695414283
45025,Chesterfield,South Carolina,11.17231638418079,63.44537037037038,6,41.29471063,0.46725567,FALSE,TRUE,FALSE,54.185069673508565,49.88169074913265,-8.586980116,8.586980116,54.185069673508565,12.890359040508564,31.21552092971307
45023,Chester,South Carolina,14.089913388653034,62.32314814814814,1,88.90242889,0.3217913931519353,TRUE,FALSE,FALSE,47.46883333330787,49.93249777498511,38.969931117014895,38.969931117014895,47.46883333330787,41.43359555869213,46.605695789286344
45021,Cherokee,South Carolina,13.658097559040353,61.254629629629626,6,59.44119245,0.3672994217081851,FALSE,TRUE,FALSE,53.15007280755725,53.89199090520801,5.549201539791987,5.549201539791987,53.15007280755725,6.291119637442748,10.583770914864841
45019,Charleston,South Carolina,16.140820584144645,67.16388888888889,2,69.76329133,0.19565240392467748,TRUE,FALSE,FALSE,71.56095832431588,71.35124893761036,-1.587957607,1.5879576066103596,71.56095832431588,1.7976669933158718,2.576809320515904
45017,Calhoun,South Carolina,14.855471113335982,65.51018519,2,66.47408903,0.2896892895015907,TRUE,FALSE,FALSE,63.34946900793302,63.50035853401489,2.973730492985112,2.973730492985112,63.34946900793302,3.124620019066988,4.700508220274897
45015,Berkeley,South Carolina,16.15778497626123,66.46851851851852,2,70.68728349,0.22657720044134738,TRUE,FALSE,FALSE,72.46275222170765,72.31972251937643,-1.632439028,1.6324390283764245,72.46275222170765,1.7754687307076438,2.5117229620709627
45013,Beaufort,South Carolina,15.916633911150244,68.13888888888889,3,57.782007,0.1346090848713673,TRUE,FALSE,FALSE,70.63720394,67.98483982020512,-10.20283282,10.20283282320512,70.63720394,12.85519694446679,22.247750835539897
45011,Barnwell,South Carolina,15.091072036963771,65.52870370370371,8,55.88577974,0.5017130683193725,FALSE,TRUE,FALSE,111.26728035908208,103.85581456496978,-47.97003482,47.97003482496978,111.26728035908208,55.38150061908208,99.09766111654163
45009,Bamberg,South Carolina,15.210333585818429,65.37222222222222,9,86.39451296,0.46786166829439313,FALSE,FALSE,TRUE,102.47248403570201,87.76210035506702,-1.367587396,1.367587396067023,102.47248403570201,16.077971076702013,18.60994469
45007,Anderson,South Carolina,14.979519220983212,62.73796296296296,2,36.25476273,0.24285323386803695,TRUE,FALSE,FALSE,53.54502490050348,52.368101370083195,-16.11333864,16.113338640083192,53.54502490050348,17.290262170503475,47.69100903864466
45005,Allendale,South Carolina,15.330189817332831,65.74166666666667,8,113.036493,0.5303604607952435,FALSE,TRUE,FALSE,112.99595673331494,113.09952733525414,-0.063034335,0.063034335,112.99595673331494,0.040536267,0.035861221105870804
45003,Aiken,South Carolina,14.880897217242495,65.46481481481482,2,33.24601509,0.2567586528798079,TRUE,FALSE,FALSE,62.49921747,60.52379295208697,-27.27777786,27.27777786208697,62.49921747,29.253202377841802,87.99010137
45001,Abbeville,South Carolina,15.077089694440838,63.38425925925926,6,63.25978431,0.28460592345933783,FALSE,TRUE,FALSE,64.35941912719642,64.25139723162819,-0.991612925,0.9916129246281926,64.35941912719642,1.099634820196421,1.738284175709308