FIPS,pm10,avg_temp,ped_E_RENTER,ped_E_MOBILE,ped_E_GROUPQ,RUCC_2023,asthma_rate,ped_TOTAL_HOUSING_VULN,loc_Metro,loc_Rural-Adjacent,loc_Rural-Isolated,County Name,ML_Predicted_Asthma,Residual,Abs_Error,Test_Predicted_Rate,Test_Abs_Error,Error_Percentage
45091,13.877454823225657,61.760185185185186,0.1222051713146357,0.04406795024872888,0.012778044092613315,1,22.921036732,0.1790511656559779,True,False,False,york,38.040518035286404,-15.119481303286403,15.119481303286403,40.236794063991915,17.315757331991914,75.54526234765564
45089,15.979188587137187,65.39907407407408,0.17362523515540126,0.2989112636125169,0.06801758476634606,6,98.437150436,0.5405540835342642,False,True,False,williamsburg,117.4154532785499,-18.97830284254991,18.97830284254991,120.62409380237376,22.186943366373768,22.539197110138673
45087,14.191584813565939,62.30555555555556,0.2180398777524118,0.16917018926283228,0.013383717504970909,2,90.083847273,0.400593784520215,True,False,False,union,58.302150761352415,31.78169651164759,31.78169651164759,56.103661641349035,33.98018563165097,37.72061991166261
45085,14.28462378894356,64.91388888888889,0.20064834632092876,0.12420879987891081,0.01608333510043602,3,80.225541992,0.3409404813002756,True,False,False,sumter,63.07868441476198,17.146857577238023,17.146857577238023,62.47859586707811,17.74694612492189,22.121316583553398
45083,14.022670791215207,61.89259259259259,0.1761538272179315,0.07215279178497563,0.016831363458520165,2,47.051345653,0.2651379824614273,True,False,False,spartanburg,45.55667651814022,1.4946691348597767,1.4946691348597767,45.4680367946012,1.5833088583988015,3.3650660494932088
45081,14.715352664497248,64.04537037037036,0.13998548965808358,0.19344238075137185,0.011276910088644997,2,38.339838788,0.34470478049810044,True,False,False,saluda,62.839526805628275,-24.499688017628273,24.499688017628273,64.2594447527685,25.9196059647685,67.60489032854538
45079,15.135470527404344,64.80555555555556,0.20271779836219764,0.024244194965536495,0.03926134454733449,2,63.498288575,0.26622333787506863,True,False,False,richland,61.46620036633412,2.0320882086658756,2.0320882086658756,61.386722757209476,2.1115658177905203,3.325390124958215
45077,14.584055574143747,61.513888888888886,0.15804186296955508,0.10316724325808578,0.02215692192123477,2,41.51082839,0.2833660281488756,True,False,False,pickens,49.57718920647054,-8.066360816470542,8.066360816470542,50.465520710164796,8.954692320164796,21.571943195241055
45075,15.082214850180828,65.69351851851852,0.3264243231904445,0.3237367729764265,0.039836024667593485,4,120.2453481,0.6899971208344645,False,True,False,orangeburg,125.66198795035677,-5.416639850356773,5.416639850356773,127.5531173324533,7.307769232453296,6.077382075833747
45073,14.92457988682296,60.97777777777778,0.11833363376705809,0.11543144398603618,0.005930561726436053,4,37.44464704,0.23969563947953032,False,True,False,oconee,49.679467331635394,-12.234820291635394,12.234820291635394,52.04735209048643,14.602705050486428,38.99811109151913
45071,14.543687224921385,63.577777777777776,0.13852629358088508,0.1409840181444169,0.016868927686059396,6,76.556456069,0.2963792394113614,False,True,False,newberry,61.43132443221333,15.125131636786676,15.125131636786676,60.39958116747042,16.156874901529584,21.1045230293412
45065,15.106904484886046,64.17962962962963,0.048260160909973655,0.07662262449715634,0.022755930087390762,8,60.666564276,0.14763871549452076,False,True,False,mccormick,57.4202378453406,3.2463264306594013,3.2463264306594013,56.25103618853741,4.41552808746259,7.278355285416081
45069,13.199617186962046,64.38703703703703,0.2127358002633064,0.19688489749858948,0.03738992853112658,6,45.632088936,0.4470106262930225,False,True,False,marlboro,66.7892284616505,-21.157139525650493,21.157139525650493,69.35239013362356,23.720301197623556,51.98162466524773
45067,15.09893460153968,65.12685185185185,0.2416379398877174,0.23177991921128305,0.003803488292482542,6,129.20512057,0.47722134739148303,False,True,False,marion,93.67109012180745,35.53403044819254,35.53403044819254,91.91948942749922,37.285631142500776,28.85770391917276
45063,14.484575225439013,64.80555555555556,0.15621971063194443,0.13395795632186178,0.006400351221764105,2,33.730167501,0.2965780181755703,True,False,False,lexington,58.89082116290114,-25.160653661901144,25.160653661901144,60.374633980170955,26.64446647917096,78.99298596243565
45061,13.377374458488902,64.45462962962964,0.2127625022649031,0.30702437035694874,0.1416595196392261,8,98.383292101,0.6614463922610779,False,True,False,lee,99.07077820520658,-0.6874861042065845,0.6874861042065845,99.12832883196884,0.7450367309688488,0.7572797322171292
45059,14.575234666848589,62.795370370370364,0.17734834558823528,0.20498161764705883,0.016760110294117645,2,64.955418176,0.3990900735294118,True,False,False,laurens,62.801495790441855,2.1539223855581398,2.1539223855581398,62.59140953404878,2.364008641951216,3.6394325651877333
45057,13.371307151218423,62.471296296296295,0.09192099251108994,0.06956532469794294,0.01175933971674206,1,28.867920939,0.17324565692577495,True,False,False,lancaster,36.48078178268937,-7.6128608436893686,7.6128608436893686,37.70839528989352,8.840474350893516,30.623869206147802
45055,13.443454680031277,63.62777777777778,0.11024592448451127,0.1537403021227646,0.0025339900778870664,2,68.056423069,0.26652021668516296,True,False,False,kershaw,46.05865175048493,21.997771318515078,21.997771318515078,44.45163703599116,23.604786033008843,34.68414143522762
45053,15.779690647631465,67.39722222222223,0.10536294887469999,0.12894353122311278,0.012062899062627358,3,84.920011367,0.24636937916044013,True,False,False,jasper,75.95128554505351,8.968725821946492,8.968725821946492,74.99285507362858,9.927156293371425,11.690008201328537
45051,15.907557859772975,64.77037037037037,0.09271797875519923,0.05905438040805338,0.0048009768613675756,2,70.453818409,0.15657333602462017,True,False,False,horry,57.82769650277029,12.626121906229706,12.626121906229706,56.94160670975987,13.512211699240126,19.17882097006971
45049,15.537073997023354,66.22500000000001,0.18866006201315888,0.25115964607123953,0.054370415185661346,8,161.05668901,0.49419012327005973,False,True,False,hampton,112.90837937793393,48.14830963206609,48.14830963206609,108.1370348805757,52.919654129424316,32.857780980545634
45047,14.861996374720245,63.5675925925926,0.1824114953805903,0.08146349439947674,0.023419180770174148,4,67.97462608,0.28729417055024115,False,True,False,greenwood,60.26824370227257,7.706382377727422,7.706382377727422,60.02757553106216,7.947050548937831,11.691201566279851
45045,14.559383202099738,61.4962962962963,0.1703749663350631,0.043134893699599844,0.01429966011630373,2,48.302584361,0.22780952015096667,True,False,False,greenville,45.41893978933654,2.88364457166346,2.88364457166346,45.152235697418384,3.1503486635816174,6.522112026215394
45043,17.975822050290134,65.17592592592592,0.10096487089977041,0.11632732647734063,0.006734597603547504,4,96.762452617,0.22402679498065853,False,True,False,georgetown,90.52983315089578,6.232619466104211,6.232619466104211,88.56425690923041,8.198195707769585,8.472496806399946
45041,14.648475533314306,65.3,0.2094993707675385,0.12233872412301051,0.018221737974465777,3,79.139459245,0.3500598328650148,True,False,False,florence,68.4831577511334,10.656301493866593,10.656301493866593,68.09805588744229,11.041403357557712,13.951830683320349
45039,14.389136441076236,63.36296296296296,0.16840965523827717,0.184881577690765,0.01134132365581129,2,85.94259228,0.3646325565848535,True,False,False,fairfield,59.85148327646033,26.09110900353967,26.09110900353967,58.736756065626544,27.205836214373456,31.655824536612936
45037,14.882993222363424,64.79074074074073,0.1063857650313477,0.12594804301920148,0.04115700044197809,2,63.65398347,0.27349080849252727,True,False,False,edgefield,60.00396936374855,3.6500141062514473,3.6500141062514473,59.86932757904342,3.7846558909565786,5.945670144493439
45035,15.648648061680854,66.62314814814815,0.10213668916893093,0.05859435621646023,0.003970078242304642,2,83.439143842,0.1647011236276958,True,False,False,dorchester,62.037859334878874,21.40128450712112,21.40128450712112,59.92725201034663,23.511891831653365,28.178491232095315
45033,14.166537507717734,64.75092592592593,0.3533192158713305,0.24337053422206492,0.012216520183251737,6,124.4433516,0.6089062702766471,False,True,False,dillon,98.5942866914611,25.849064908538907,25.849064908538907,95.85536431241844,28.587987287581555,22.97269152591801
45031,12.959053743536812,64.56666666666666,0.2130937180316917,0.1810636547735861,0.013965385498653416,3,64.29873122,0.4081227583039312,True,False,False,darlington,57.269072584208885,7.029658635791108,7.029658635791108,56.47722392874297,7.821507291257021,12.164326018340088
45029,15.654308902668324,66.52407407407408,0.2019443319575578,0.3118189162824935,0.010132357722928509,6,123.1944638,0.5238956059629798,False,True,False,colleton,115.99188323188692,7.202580568113078,7.202580568113078,115.01787978058341,8.17658401941658,6.637135929006398
45027,14.984070253762578,65.3425925925926,0.16031511728652567,0.2559285049578025,0.0628662195552418,8,116.569126,0.47910984179957,False,True,False,clarendon,98.0783112718435,18.490814728156494,18.490814728156494,96.37620956092708,20.192916439072917,17.32269695414283
45025,11.17231638418079,63.44537037037038,0.1923344227437392,0.25965900141754605,0.015262246022995746,6,41.294710633,0.467255670184281,False,True,False,chesterfield,49.88169074913265,-8.58698011613265,8.58698011613265,54.185069673508565,12.890359040508564,31.21552092971307
45023,14.089913388653034,62.32314814814814,0.16481998185830832,0.15367369256897093,0.0032977187246560286,1,88.902428892,0.3217913931519353,True,False,False,chester,49.93249777498511,38.969931117014895,38.969931117014895,47.46883333330787,41.43359555869213,46.605695789286344
45021,13.658097559040353,61.254629629629626,0.17587960409252668,0.18215234653024912,0.009267471085409252,6,59.441192445,0.3672994217081851,False,True,False,cherokee,53.89199090520801,5.549201539791987,5.549201539791987,53.15007280755725,6.291119637442748,10.583770914864841
45019,16.140820584144645,67.16388888888889,0.15904874774426658,0.024736558218837024,0.011867097961573855,2,69.763291331,0.19565240392467748,True,False,False,charleston,71.35124893761036,-1.5879576066103596,1.5879576066103596,71.56095832431588,1.7976669933158718,2.576809320515904
45017,14.855471113335982,65.5101851851852,0.10302757158006363,0.17575291622481443,0.010908801696712619,2,66.474089027,0.2896892895015907,True,False,False,calhoun,63.50035853401489,2.973730492985112,2.973730492985112,63.34946900793302,3.124620019066988,4.700508220274897
45015,16.15778497626123,66.46851851851852,0.13081856773929354,0.08613785918201423,0.00962077352003959,2,70.687283491,0.22657720044134738,True,False,False,berkeley,72.31972251937643,-1.6324390283764245,1.6324390283764245,72.46275222170765,1.7754687307076438,2.5117229620709627
45013,15.916633911150244,68.13888888888889,0.08128342565189042,0.03709471196383521,0.016230947255641684,3,57.782006997,0.1346090848713673,True,False,False,beaufort,67.98483982020512,-10.20283282320512,10.20283282320512,70.6372039414668,12.85519694446679,22.247750835539897
45011,15.091072036963771,65.52870370370371,0.286218709146371,0.20006003970367503,0.01543431946932649,8,55.88577974,0.5017130683193725,False,True,False,barnwell,103.85581456496978,-47.97003482496978,47.97003482496978,111.26728035908208,55.38150061908208,99.09766111654163
45009,15.210333585818429,65.37222222222222,0.2222056945383517,0.19303583502366467,0.05262013873237673,9,86.394512959,0.46786166829439313,False,False,True,bamberg,87.76210035506702,-1.367587396067023,1.367587396067023,102.47248403570201,16.077971076702013,18.6099446898116
45007,14.979519220983212,62.73796296296296,0.1487636138955465,0.08628530412321338,0.007804315849277068,2,36.25476273,0.24285323386803695,True,False,False,anderson,52.368101370083195,-16.113338640083192,16.113338640083192,53.54502490050348,17.290262170503475,47.69100903864466
45005,15.330189817332831,65.74166666666667,0.26739006565093526,0.1961228787315744,0.06684751641273383,8,113.036493,0.5303604607952435,False,True,False,allendale,113.09952733525414,-0.06303433525414448,0.06303433525414448,112.99595673331494,0.04053626668505217,0.035861221105870804
45003,14.880897217242495,65.46481481481482,0.13924557176357136,0.10967026195872631,0.007842819157510235,2,33.24601509,0.2567586528798079,True,False,False,aiken,60.52379295208697,-27.27777786208697,27.27777786208697,62.4992174678418,29.253202377841802,87.9901013659854
45001,15.077089694440838,63.38425925925926,0.130467943907701,0.13491112465997562,0.019226854891661198,6,63.259784307,0.28460592345933783,False,True,False,abbeville,64.25139723162819,-0.9916129246281926,0.9916129246281926,64.35941912719642,1.099634820196421,1.738284175709308
